{
  "sbd_f1": {
    "value": 0.8,
    "ci_lower": 0.6666666666666666,
    "ci_upper": 0.912299771167048
  },
  "rouge_l_f1": {
    "value": 0.8226801801801802,
    "ci_lower": 0.7787162162162163,
    "ci_upper": 0.8825
  }
}